{
"Description" : "Creation of Stack for Assignment 6",
"AWSTemplateFormatVersion" : "2010-09-09",

"Parameters" : {
  "stackname" : {
    "Description" : "Stack Name",
    "Type" : "String",
    "Default" : "stack01"
  },
  "dbsubnet" : {
    "Description" : "DB Subnet Group name",
    "Type" : "String"
  },
  "s3domain" : {
    "Description" : "S3 name",
    "Type" : "String"
  },
  "ec2Subnet" : {
    "Description" : "Subnet ID for EC2",
    "Type" : "String"
  },
  "ec2SecurityGroup" : {
    "Description" : "Resource ID for EC2 Security Group",
    "Type" : "String"
  },
  "dbSecurityGroupId" : {
    "Description" : "Resource ID for DB Security Group",
    "Type" : "String"
  },
  "iaminstance" : {
    "Description" : "Instance Profile Name for CodeDeploy to S3",
    "Type" : "String"
  }
},
"Resources": {
  "EC2Instance": {
    "Type": "AWS::EC2::Instance",
    "Properties": {
        "ImageId": "ami-66506c1c",
        "InstanceType": "t2.micro",
        "DisableApiTermination": "False",
        "SecurityGroupIds": [{"Ref" : "ec2SecurityGroup"}],
        "KeyName": "csye6225",
        "SubnetId": {"Ref": "ec2Subnet"},
        "Tenancy": "default",
        "IamInstanceProfile": {"Ref":"iaminstance"},
        "Tags": [{"Key" : "Name", "Value" : "MyEC2Instance"}],
        "BlockDeviceMappings" : [
        {
          "DeviceName" : "/dev/sda1",
          "Ebs" : {
                    "DeleteOnTermination": true,
                    "VolumeSize": 16,
                    "VolumeType": "gp2"
                  }
        }],
        "UserData": {
            "Fn::Base64": {
                "Fn::Join": [
                    "",
                    [
                        "#!/bin/bash -xe \n",
                        "sudo apt-get update \n",
                        "sudo apt-get install openjdk-8-jdk -y\n",
                        "sudo apt-get install ruby -y \n",
                        "sudo apt-get install wget -y \n",
                        "sudo apt-get install python -y \n",

                        "exec > >(tee /var/log/user-data.log|logger -t user-data -s 2>/dev/console) 2>&1 \n",
                        "curl -sL https://deb.nodesource.com/setup_9.x | sudo -E bash - \n",
                        "sudo apt-get install -y nodejs \n",
                        "sudo apt-get install -y build-essential \n",

                        "sudo apt-get update \n",
                        "sudo wget https://aws-codedeploy-us-east-1.s3.amazonaws.com/latest/install \n",
                        "sudo chmod +x ./install \n",
                        "sudo ./install auto \n",
                        "sudo service codedeploy-agent start \n",
                        "sudo service codedeploy-agent status \n",
                    ]
                ]
            }
        }
      }
  },
  "S3" : {
  "Type" : "AWS::S3::Bucket",
  "Properties" : {
    "BucketName" : {"Ref" : "s3domain"},
  }
  },
  "DynamoDBTable": {
  "Type" : "AWS::DynamoDB::Table",
  "Properties" : {
    "AttributeDefinitions" : [ {"AttributeName" : "id", "AttributeType" : "S"}],
    "KeySchema" : [ {"AttributeName" : "id", "KeyType" : "HASH"} ],
    "ProvisionedThroughput" : {
      "ReadCapacityUnits" : 5,
      "WriteCapacityUnits" : 5
    },
    "TableName": {"Fn::Join" : ["",[{"Ref" : "stackname"},"-csye6225-dynamodb-table"]] }
  }
  },
  "RDSDB" :   {
    "Type" : "AWS::RDS::DBInstance",
    "Properties" :
      {
        "AllocatedStorage" : "5",
        "DBInstanceClass" : "db.t2.medium",
        "DBInstanceIdentifier" : {"Fn::Join" : ["",[{"Ref" : "stackname"},"-csye6225-RDS-DB"]] },
        "DBName" : "csye6225",
        "DBSubnetGroupName" :{"Ref" : "dbsubnet"},
        "Engine" : "mysql",
        "EngineVersion" : "5.6.37",
        "MasterUsername" : "csye6225master",
        "MasterUserPassword" : "csye6225password",
        "MultiAZ" : "false",
        "PubliclyAccessible" : "false",
        "VPCSecurityGroups": [{"Ref": "dbSecurityGroupId"}]
      }
  }
},
"Outputs": {
    "InstanceId": {
        "Description": "InstanceId of the newly created EC2 instance",
        "Value": {
            "Ref": "EC2Instance"
        }
    },
    "AZ": {
        "Description": "Availability Zone of the newly created EC2 instance",
        "Value": {
            "Fn::GetAtt": [
                "EC2Instance",
                "AvailabilityZone"
            ]
        }
    }
  }
}
